Der Hund, der im Garten bellt, hört plötzlich auf. Der Apfel, der auf dem Tisch liegt, ist sehr saftig. Das Auto fährt schnell durch die Straße, obwohl es nass ist.;Der Hund, der im Garten bellt, hört plötzlich auf. Der Apfel, der auf dem Tisch liegt, ist sehr saftig. Das Auto fährt schnell durch die Straße, obwohl es nass ist.
Das Kind spielt. Es regnet.;Das Kind spielt. Es regnet.
Die Uhr tickt langsam, weil die Batterie fast leer ist. Er schläft tief, während draußen der Sturm tobt. Es regnet stark, aber niemand hat einen Schirm dabei.;Die Uhr tickt langsam, weil die Batterie fast leer ist. Er schläft tief, während draußen der Sturm tobt. Es regnet stark, aber niemand hat einen Schirm dabei.
Ein Vogel fliegt durch die Lüfte und singt ein Lied. Sie lacht laut, denn der Witz war wirklich gut. Der Hund, der im Garten bellt, hört plötzlich auf.;Ein Vogel fliegt durch die Lüfte und singt ein Lied. Sie lacht laut, denn der Witz war wirklich gut. Der Hund, der im Garten bellt, hört plötzlich auf.
Während der Regen stärker wurde und der Wind durch die Straßen fegte, eilten die Menschen unter die Dächer. Der Mann, der gestern im Park gesehen wurde, sprach mit einer Frau, die ein rotes Kleid trug. Das Buch, das sie gelesen hatte und das viele interessante Details enthielt, lag nun geschlossen auf dem Schreibtisch.;Während der Regen stärker wurde und der Wind durch die Straßen fegte, eilten die Menschen unter die Dächer. Der Mann, der gestern im Park gesehen wurde, sprach mit einer Frau, die ein rotes Kleid trug. Das Buch, das sie gelesen hatte und das viele interessante Details enthielt, lag nun geschlossen auf dem Schreibtisch.
Nachdem die Sitzung beendet war und alle gegangen waren, blieb sie noch einen Moment sitzen und dachte nach. Der Mann, der gestern im Park gesehen wurde, sprach mit einer Frau, die ein rotes Kleid trug. Er erinnerte sich an den Tag, an dem er seine Großmutter besuchte, die ihm immer Geschichten erzählte. Die Frau, die am Fenster stand, blickte hinaus auf die Straße, wo Kinder lachten und spielten. Während der Regen stärker wurde und der Wind durch die Straßen fegte, eilten die Menschen unter die Dächer.;Nachdem die Sitzung beendet war und alle gegangen waren, blieb sie noch einen Moment sitzen und dachte nach. Der Mann, der gestern im Park gesehen wurde, sprach mit einer Frau, die ein rotes Kleid trug. Er erinnerte sich an den Tag, an dem er seine Großmutter besuchte, die ihm immer Geschichten erzählte. Die Frau, die am Fenster stand, blickte hinaus auf die Straße, wo Kinder lachten und spielten. Während der Regen stärker wurde und der Wind durch die Straßen fegte, eilten die Menschen unter die Dächer.
Er erinnerte sich an den Tag, an dem er seine Großmutter besuchte, die ihm immer Geschichten erzählte. Ein Brief, den sie vor Wochen geschrieben hatte, lag immer noch ungeöffnet auf dem Tisch. Nachdem die Sitzung beendet war und alle gegangen waren, blieb sie noch einen Moment sitzen und dachte nach. Das Buch, das sie gelesen hatte und das viele interessante Details enthielt, lag nun geschlossen auf dem Schreibtisch.;Er erinnerte sich an den Tag, an dem er seine Großmutter besuchte, die ihm immer Geschichten erzählte. Ein Brief, den sie vor Wochen geschrieben hatte, lag immer noch ungeöffnet auf dem Tisch. Nachdem die Sitzung beendet war und alle gegangen waren, blieb sie noch einen Moment sitzen und dachte nach. Das Buch, das sie gelesen hatte und das viele interessante Details enthielt, lag nun geschlossen auf dem Schreibtisch.
Ein Brief, den sie vor Wochen geschrieben hatte, lag immer noch ungeöffnet auf dem Tisch. Die Frau, die am Fenster stand, blickte hinaus auf die Straße, wo Kinder lachten und spielten. Das Buch, das sie gelesen hatte und das viele interessante Details enthielt, lag nun geschlossen auf dem Schreibtisch. Die Lampe, die gestern kaputtgegangen war und deren Licht gefehlt hatte, wurde endlich repariert. Obwohl er müde war, arbeitete er weiter, denn das Projekt musste fertiggestellt werden.;Ein Brief, den sie vor Wochen geschrieben hatte, lag immer noch ungeöffnet auf dem Tisch. Die Frau, die am Fenster stand, blickte hinaus auf die Straße, wo Kinder lachten und spielten. Das Buch, das sie gelesen hatte und das viele interessante Details enthielt, lag nun geschlossen auf dem Schreibtisch. Die Lampe, die gestern kaputtgegangen war und deren Licht gefehlt hatte, wurde endlich repariert. Obwohl er müde war, arbeitete er weiter, denn das Projekt musste fertiggestellt werden.
Er erinnerte sich an den Tag, an dem er seine Großmutter besuchte, die ihm immer Geschichten erzählte. Der Mann, der gestern im Park gesehen wurde, sprach mit einer Frau, die ein rotes Kleid trug.;Er erinnerte sich an den Tag, an dem er seine Großmutter besuchte, die ihm immer Geschichten erzählte. Der Mann, der gestern im Park gesehen wurde, sprach mit einer Frau, die ein rotes Kleid trug.
Er schläft tief, während draußen der Sturm tobt. Sie lacht laut, denn der Witz war wirklich gut. Der Apfel, der auf dem Tisch liegt, ist sehr saftig.;Er schläft tief, während draußen der Sturm tobt. Sie lacht laut, denn der Witz war wirklich gut. Der Apfel, der auf dem Tisch liegt, ist sehr saftig.
Das Auto fährt schnell durch die Straße, obwohl es nass ist. Er schläft tief, während draußen der Sturm tobt.;Das Auto fährt schnell durch die Straße, obwohl es nass ist. Er schläft tief, während draußen der Sturm tobt.
Während der Regen stärker wurde und der Wind durch die Straßen fegte, eilten die Menschen unter die Dächer. Die Frau, die am Fenster stand, blickte hinaus auf die Straße, wo Kinder lachten und spielten.;Während der Regen stärker wurde und der Wind durch die Straßen fegte, eilten die Menschen unter die Dächer. Die Frau, die am Fenster stand, blickte hinaus auf die Straße, wo Kinder lachten und spielten.
Er erinnerte sich an den Tag, an dem er seine Großmutter besuchte, die ihm immer Geschichten erzählte. Ein Brief, den sie vor Wochen geschrieben hatte, lag immer noch ungeöffnet auf dem Tisch. Der Mann, der gestern im Park gesehen wurde, sprach mit einer Frau, die ein rotes Kleid trug. Während der Regen stärker wurde und der Wind durch die Straßen fegte, eilten die Menschen unter die Dächer. Obwohl er müde war, arbeitete er weiter, denn das Projekt musste fertiggestellt werden.;Er erinnerte sich an den Tag, an dem er seine Großmutter besuchte, die ihm immer Geschichten erzählte. Ein Brief, den sie vor Wochen geschrieben hatte, lag immer noch ungeöffnet auf dem Tisch. Der Mann, der gestern im Park gesehen wurde, sprach mit einer Frau, die ein rotes Kleid trug. Während der Regen stärker wurde und der Wind durch die Straßen fegte, eilten die Menschen unter die Dächer. Obwohl er müde war, arbeitete er weiter, denn das Projekt musste fertiggestellt werden.
Das Kind spielt mit einem Ball, den es gestern geschenkt bekommen hat. Die Uhr tickt langsam, weil die Batterie fast leer ist. Die Sonne scheint, obwohl es zuvor geregnet hatte.;Das Kind spielt mit einem Ball, den es gestern geschenkt bekommen hat. Die Uhr tickt langsam, weil die Batterie fast leer ist. Die Sonne scheint, obwohl es zuvor geregnet hatte.
Die Uhr tickt. Das Kind spielt.;Die Uhr tickt. Das Kind spielt.
Er schläft tief, während draußen der Sturm tobt. Die Sonne scheint, obwohl es zuvor geregnet hatte.;Er schläft tief, während draußen der Sturm tobt. Die Sonne scheint, obwohl es zuvor geregnet hatte.
Der Apfel ist rot.;Der Apfel ist rot.
Der Hund bellt.;Der Hund bellt.
Ein Brief, den sie vor Wochen geschrieben hatte, lag immer noch ungeöffnet auf dem Tisch. Das Buch, das sie gelesen hatte und das viele interessante Details enthielt, lag nun geschlossen auf dem Schreibtisch. Er erinnerte sich an den Tag, an dem er seine Großmutter besuchte, die ihm immer Geschichten erzählte. Die Frau, die am Fenster stand, blickte hinaus auf die Straße, wo Kinder lachten und spielten.;Ein Brief, den sie vor Wochen geschrieben hatte, lag immer noch ungeöffnet auf dem Tisch. Das Buch, das sie gelesen hatte und das viele interessante Details enthielt, lag nun geschlossen auf dem Schreibtisch. Er erinnerte sich an den Tag, an dem er seine Großmutter besuchte, die ihm immer Geschichten erzählte. Die Frau, die am Fenster stand, blickte hinaus auf die Straße, wo Kinder lachten und spielten.
Der Apfel ist rot. Die Sonne scheint.;Der Apfel ist rot. Die Sonne scheint.
Die Uhr tickt.;Die Uhr tickt.
Er erinnerte sich an den Tag, an dem er seine Großmutter besuchte, die ihm immer Geschichten erzählte. Die Kinder, die im Hof spielen, rufen einander zu, während ihre Eltern im Haus sitzen und Kaffee trinken. Die Frau, die am Fenster stand, blickte hinaus auf die Straße, wo Kinder lachten und spielten. Ein Brief, den sie vor Wochen geschrieben hatte, lag immer noch ungeöffnet auf dem Tisch.;Er erinnerte sich an den Tag, an dem er seine Großmutter besuchte, die ihm immer Geschichten erzählte. Die Kinder, die im Hof spielen, rufen einander zu, während ihre Eltern im Haus sitzen und Kaffee trinken. Die Frau, die am Fenster stand, blickte hinaus auf die Straße, wo Kinder lachten und spielten. Ein Brief, den sie vor Wochen geschrieben hatte, lag immer noch ungeöffnet auf dem Tisch.
Er schläft. Die Sonne scheint.;Er schläft. Die Sonne scheint.
Sie lacht laut, denn der Witz war wirklich gut. Der Hund, der im Garten bellt, hört plötzlich auf.;Sie lacht laut, denn der Witz war wirklich gut. Der Hund, der im Garten bellt, hört plötzlich auf.
Das Auto fährt schnell durch die Straße, obwohl es nass ist. Der Hund, der im Garten bellt, hört plötzlich auf. Sie lacht laut, denn der Witz war wirklich gut.;Das Auto fährt schnell durch die Straße, obwohl es nass ist. Der Hund, der im Garten bellt, hört plötzlich auf. Sie lacht laut, denn der Witz war wirklich gut.
Die Kinder, die im Hof spielen, rufen einander zu, während ihre Eltern im Haus sitzen und Kaffee trinken. Das Buch, das sie gelesen hatte und das viele interessante Details enthielt, lag nun geschlossen auf dem Schreibtisch. Ein Brief, den sie vor Wochen geschrieben hatte, lag immer noch ungeöffnet auf dem Tisch. Er erinnerte sich an den Tag, an dem er seine Großmutter besuchte, die ihm immer Geschichten erzählte.;Die Kinder, die im Hof spielen, rufen einander zu, während ihre Eltern im Haus sitzen und Kaffee trinken. Das Buch, das sie gelesen hatte und das viele interessante Details enthielt, lag nun geschlossen auf dem Schreibtisch. Ein Brief, den sie vor Wochen geschrieben hatte, lag immer noch ungeöffnet auf dem Tisch. Er erinnerte sich an den Tag, an dem er seine Großmutter besuchte, die ihm immer Geschichten erzählte.
Obwohl er müde war, arbeitete er weiter, denn das Projekt musste fertiggestellt werden. Der Mann, der gestern im Park gesehen wurde, sprach mit einer Frau, die ein rotes Kleid trug. Er erinnerte sich an den Tag, an dem er seine Großmutter besuchte, die ihm immer Geschichten erzählte. Die Lampe, die gestern kaputtgegangen war und deren Licht gefehlt hatte, wurde endlich repariert.;Obwohl er müde war, arbeitete er weiter, denn das Projekt musste fertiggestellt werden. Der Mann, der gestern im Park gesehen wurde, sprach mit einer Frau, die ein rotes Kleid trug. Er erinnerte sich an den Tag, an dem er seine Großmutter besuchte, die ihm immer Geschichten erzählte. Die Lampe, die gestern kaputtgegangen war und deren Licht gefehlt hatte, wurde endlich repariert.
Ein Vogel fliegt. Der Apfel ist rot.;Ein Vogel fliegt. Der Apfel ist rot.
Es regnet stark, aber niemand hat einen Schirm dabei.;Es regnet stark, aber niemand hat einen Schirm dabei.
Das Auto fährt.;Das Auto fährt.
Die Uhr tickt langsam, weil die Batterie fast leer ist. Das Auto fährt schnell durch die Straße, obwohl es nass ist.;Die Uhr tickt langsam, weil die Batterie fast leer ist. Das Auto fährt schnell durch die Straße, obwohl es nass ist.
Während der Regen stärker wurde und der Wind durch die Straßen fegte, eilten die Menschen unter die Dächer.;Während der Regen stärker wurde und der Wind durch die Straßen fegte, eilten die Menschen unter die Dächer.
Während der Regen stärker wurde und der Wind durch die Straßen fegte, eilten die Menschen unter die Dächer.;Während der Regen stärker wurde und der Wind durch die Straßen fegte, eilten die Menschen unter die Dächer.
Sie lacht laut, denn der Witz war wirklich gut. Der Apfel, der auf dem Tisch liegt, ist sehr saftig. Die Uhr tickt langsam, weil die Batterie fast leer ist.;Sie lacht laut, denn der Witz war wirklich gut. Der Apfel, der auf dem Tisch liegt, ist sehr saftig. Die Uhr tickt langsam, weil die Batterie fast leer ist.
Sie lacht laut, denn der Witz war wirklich gut. Er schläft tief, während draußen der Sturm tobt.;Sie lacht laut, denn der Witz war wirklich gut. Er schläft tief, während draußen der Sturm tobt.
Die Sonne scheint, obwohl es zuvor geregnet hatte. Es regnet stark, aber niemand hat einen Schirm dabei. Die Uhr tickt langsam, weil die Batterie fast leer ist.;Die Sonne scheint, obwohl es zuvor geregnet hatte. Es regnet stark, aber niemand hat einen Schirm dabei. Die Uhr tickt langsam, weil die Batterie fast leer ist.
Es regnet stark, aber niemand hat einen Schirm dabei. Die Uhr tickt langsam, weil die Batterie fast leer ist. Ein Vogel fliegt durch die Lüfte und singt ein Lied.;Es regnet stark, aber niemand hat einen Schirm dabei. Die Uhr tickt langsam, weil die Batterie fast leer ist. Ein Vogel fliegt durch die Lüfte und singt ein Lied.
Nachdem die Sitzung beendet war und alle gegangen waren, blieb sie noch einen Moment sitzen und dachte nach. Die Lampe, die gestern kaputtgegangen war und deren Licht gefehlt hatte, wurde endlich repariert. Der Mann, der gestern im Park gesehen wurde, sprach mit einer Frau, die ein rotes Kleid trug. Während der Regen stärker wurde und der Wind durch die Straßen fegte, eilten die Menschen unter die Dächer. Ein Brief, den sie vor Wochen geschrieben hatte, lag immer noch ungeöffnet auf dem Tisch.;Nachdem die Sitzung beendet war und alle gegangen waren, blieb sie noch einen Moment sitzen und dachte nach. Die Lampe, die gestern kaputtgegangen war und deren Licht gefehlt hatte, wurde endlich repariert. Der Mann, der gestern im Park gesehen wurde, sprach mit einer Frau, die ein rotes Kleid trug. Während der Regen stärker wurde und der Wind durch die Straßen fegte, eilten die Menschen unter die Dächer. Ein Brief, den sie vor Wochen geschrieben hatte, lag immer noch ungeöffnet auf dem Tisch.
Das Auto fährt schnell durch die Straße, obwohl es nass ist. Die Sonne scheint, obwohl es zuvor geregnet hatte. Er schläft tief, während draußen der Sturm tobt.;Das Auto fährt schnell durch die Straße, obwohl es nass ist. Die Sonne scheint, obwohl es zuvor geregnet hatte. Er schläft tief, während draußen der Sturm tobt.
Die Uhr tickt. Der Hund bellt.;Die Uhr tickt. Der Hund bellt.
Das Auto fährt schnell durch die Straße, obwohl es nass ist.;Das Auto fährt schnell durch die Straße, obwohl es nass ist.
Ein Vogel fliegt.;Ein Vogel fliegt.
Sie lacht.;Sie lacht.
Die Sonne scheint, obwohl es zuvor geregnet hatte. Das Auto fährt schnell durch die Straße, obwohl es nass ist. Er schläft tief, während draußen der Sturm tobt.;Die Sonne scheint, obwohl es zuvor geregnet hatte. Das Auto fährt schnell durch die Straße, obwohl es nass ist. Er schläft tief, während draußen der Sturm tobt.
Die Kinder, die im Hof spielen, rufen einander zu, während ihre Eltern im Haus sitzen und Kaffee trinken. Das Buch, das sie gelesen hatte und das viele interessante Details enthielt, lag nun geschlossen auf dem Schreibtisch. Ein Brief, den sie vor Wochen geschrieben hatte, lag immer noch ungeöffnet auf dem Tisch. Während der Regen stärker wurde und der Wind durch die Straßen fegte, eilten die Menschen unter die Dächer.;Die Kinder, die im Hof spielen, rufen einander zu, während ihre Eltern im Haus sitzen und Kaffee trinken. Das Buch, das sie gelesen hatte und das viele interessante Details enthielt, lag nun geschlossen auf dem Schreibtisch. Ein Brief, den sie vor Wochen geschrieben hatte, lag immer noch ungeöffnet auf dem Tisch. Während der Regen stärker wurde und der Wind durch die Straßen fegte, eilten die Menschen unter die Dächer.
Während der Regen stärker wurde und der Wind durch die Straßen fegte, eilten die Menschen unter die Dächer. Das Buch, das sie gelesen hatte und das viele interessante Details enthielt, lag nun geschlossen auf dem Schreibtisch. Die Frau, die am Fenster stand, blickte hinaus auf die Straße, wo Kinder lachten und spielten.;Während der Regen stärker wurde und der Wind durch die Straßen fegte, eilten die Menschen unter die Dächer. Das Buch, das sie gelesen hatte und das viele interessante Details enthielt, lag nun geschlossen auf dem Schreibtisch. Die Frau, die am Fenster stand, blickte hinaus auf die Straße, wo Kinder lachten und spielten.
Sie lacht.;Sie lacht.
Sie lacht laut, denn der Witz war wirklich gut. Es regnet stark, aber niemand hat einen Schirm dabei. Der Hund, der im Garten bellt, hört plötzlich auf.;Sie lacht laut, denn der Witz war wirklich gut. Es regnet stark, aber niemand hat einen Schirm dabei. Der Hund, der im Garten bellt, hört plötzlich auf.
Die Sonne scheint, obwohl es zuvor geregnet hatte. Sie lacht laut, denn der Witz war wirklich gut. Ein Vogel fliegt durch die Lüfte und singt ein Lied.;Die Sonne scheint, obwohl es zuvor geregnet hatte. Sie lacht laut, denn der Witz war wirklich gut. Ein Vogel fliegt durch die Lüfte und singt ein Lied.
Der Hund, der im Garten bellt, hört plötzlich auf. Er schläft tief, während draußen der Sturm tobt.;Der Hund, der im Garten bellt, hört plötzlich auf. Er schläft tief, während draußen der Sturm tobt.
Die Kinder, die im Hof spielen, rufen einander zu, während ihre Eltern im Haus sitzen und Kaffee trinken.;Die Kinder, die im Hof spielen, rufen einander zu, während ihre Eltern im Haus sitzen und Kaffee trinken.
Er erinnerte sich an den Tag, an dem er seine Großmutter besuchte, die ihm immer Geschichten erzählte. Die Lampe, die gestern kaputtgegangen war und deren Licht gefehlt hatte, wurde endlich repariert. Obwohl er müde war, arbeitete er weiter, denn das Projekt musste fertiggestellt werden. Ein Brief, den sie vor Wochen geschrieben hatte, lag immer noch ungeöffnet auf dem Tisch. Während der Regen stärker wurde und der Wind durch die Straßen fegte, eilten die Menschen unter die Dächer.;Er erinnerte sich an den Tag, an dem er seine Großmutter besuchte, die ihm immer Geschichten erzählte. Die Lampe, die gestern kaputtgegangen war und deren Licht gefehlt hatte, wurde endlich repariert. Obwohl er müde war, arbeitete er weiter, denn das Projekt musste fertiggestellt werden. Ein Brief, den sie vor Wochen geschrieben hatte, lag immer noch ungeöffnet auf dem Tisch. Während der Regen stärker wurde und der Wind durch die Straßen fegte, eilten die Menschen unter die Dächer.
Der Mann, der gestern im Park gesehen wurde, sprach mit einer Frau, die ein rotes Kleid trug. Nachdem die Sitzung beendet war und alle gegangen waren, blieb sie noch einen Moment sitzen und dachte nach. Die Lampe, die gestern kaputtgegangen war und deren Licht gefehlt hatte, wurde endlich repariert. Obwohl er müde war, arbeitete er weiter, denn das Projekt musste fertiggestellt werden. Die Frau, die am Fenster stand, blickte hinaus auf die Straße, wo Kinder lachten und spielten.;Der Mann, der gestern im Park gesehen wurde, sprach mit einer Frau, die ein rotes Kleid trug. Nachdem die Sitzung beendet war und alle gegangen waren, blieb sie noch einen Moment sitzen und dachte nach. Die Lampe, die gestern kaputtgegangen war und deren Licht gefehlt hatte, wurde endlich repariert. Obwohl er müde war, arbeitete er weiter, denn das Projekt musste fertiggestellt werden. Die Frau, die am Fenster stand, blickte hinaus auf die Straße, wo Kinder lachten und spielten.
Es regnet stark, aber niemand hat einen Schirm dabei. Der Apfel, der auf dem Tisch liegt, ist sehr saftig. Das Auto fährt schnell durch die Straße, obwohl es nass ist.;Es regnet stark, aber niemand hat einen Schirm dabei. Der Apfel, der auf dem Tisch liegt, ist sehr saftig. Das Auto fährt schnell durch die Straße, obwohl es nass ist.
Es regnet.;Es regnet.
Er schläft tief, während draußen der Sturm tobt. Das Auto fährt schnell durch die Straße, obwohl es nass ist. Die Uhr tickt langsam, weil die Batterie fast leer ist.;Er schläft tief, während draußen der Sturm tobt. Das Auto fährt schnell durch die Straße, obwohl es nass ist. Die Uhr tickt langsam, weil die Batterie fast leer ist.
Der Apfel, der auf dem Tisch liegt, ist sehr saftig.;Der Apfel, der auf dem Tisch liegt, ist sehr saftig.
Das Auto fährt schnell durch die Straße, obwohl es nass ist. Ein Vogel fliegt durch die Lüfte und singt ein Lied. Es regnet stark, aber niemand hat einen Schirm dabei.;Das Auto fährt schnell durch die Straße, obwohl es nass ist. Ein Vogel fliegt durch die Lüfte und singt ein Lied. Es regnet stark, aber niemand hat einen Schirm dabei.
Ein Brief, den sie vor Wochen geschrieben hatte, lag immer noch ungeöffnet auf dem Tisch. Die Kinder, die im Hof spielen, rufen einander zu, während ihre Eltern im Haus sitzen und Kaffee trinken.;Ein Brief, den sie vor Wochen geschrieben hatte, lag immer noch ungeöffnet auf dem Tisch. Die Kinder, die im Hof spielen, rufen einander zu, während ihre Eltern im Haus sitzen und Kaffee trinken.
Er erinnerte sich an den Tag, an dem er seine Großmutter besuchte, die ihm immer Geschichten erzählte. Obwohl er müde war, arbeitete er weiter, denn das Projekt musste fertiggestellt werden. Während der Regen stärker wurde und der Wind durch die Straßen fegte, eilten die Menschen unter die Dächer. Das Buch, das sie gelesen hatte und das viele interessante Details enthielt, lag nun geschlossen auf dem Schreibtisch.;Er erinnerte sich an den Tag, an dem er seine Großmutter besuchte, die ihm immer Geschichten erzählte. Obwohl er müde war, arbeitete er weiter, denn das Projekt musste fertiggestellt werden. Während der Regen stärker wurde und der Wind durch die Straßen fegte, eilten die Menschen unter die Dächer. Das Buch, das sie gelesen hatte und das viele interessante Details enthielt, lag nun geschlossen auf dem Schreibtisch.
Die Sonne scheint, obwohl es zuvor geregnet hatte.;Die Sonne scheint, obwohl es zuvor geregnet hatte.
Er erinnerte sich an den Tag, an dem er seine Großmutter besuchte, die ihm immer Geschichten erzählte.;Er erinnerte sich an den Tag, an dem er seine Großmutter besuchte, die ihm immer Geschichten erzählte.
Das Auto fährt schnell durch die Straße, obwohl es nass ist. Der Hund, der im Garten bellt, hört plötzlich auf. Die Uhr tickt langsam, weil die Batterie fast leer ist.;Das Auto fährt schnell durch die Straße, obwohl es nass ist. Der Hund, der im Garten bellt, hört plötzlich auf. Die Uhr tickt langsam, weil die Batterie fast leer ist.
Die Lampe, die gestern kaputtgegangen war und deren Licht gefehlt hatte, wurde endlich repariert. Das Buch, das sie gelesen hatte und das viele interessante Details enthielt, lag nun geschlossen auf dem Schreibtisch.;Die Lampe, die gestern kaputtgegangen war und deren Licht gefehlt hatte, wurde endlich repariert. Das Buch, das sie gelesen hatte und das viele interessante Details enthielt, lag nun geschlossen auf dem Schreibtisch.
Die Lampe, die gestern kaputtgegangen war und deren Licht gefehlt hatte, wurde endlich repariert. Die Frau, die am Fenster stand, blickte hinaus auf die Straße, wo Kinder lachten und spielten.;Die Lampe, die gestern kaputtgegangen war und deren Licht gefehlt hatte, wurde endlich repariert. Die Frau, die am Fenster stand, blickte hinaus auf die Straße, wo Kinder lachten und spielten.
Das Auto fährt schnell durch die Straße, obwohl es nass ist. Der Apfel, der auf dem Tisch liegt, ist sehr saftig.;Das Auto fährt schnell durch die Straße, obwohl es nass ist. Der Apfel, der auf dem Tisch liegt, ist sehr saftig.
Die Kinder, die im Hof spielen, rufen einander zu, während ihre Eltern im Haus sitzen und Kaffee trinken. Das Buch, das sie gelesen hatte und das viele interessante Details enthielt, lag nun geschlossen auf dem Schreibtisch.;Die Kinder, die im Hof spielen, rufen einander zu, während ihre Eltern im Haus sitzen und Kaffee trinken. Das Buch, das sie gelesen hatte und das viele interessante Details enthielt, lag nun geschlossen auf dem Schreibtisch.
Der Mann, der gestern im Park gesehen wurde, sprach mit einer Frau, die ein rotes Kleid trug. Er erinnerte sich an den Tag, an dem er seine Großmutter besuchte, die ihm immer Geschichten erzählte. Die Lampe, die gestern kaputtgegangen war und deren Licht gefehlt hatte, wurde endlich repariert.;Der Mann, der gestern im Park gesehen wurde, sprach mit einer Frau, die ein rotes Kleid trug. Er erinnerte sich an den Tag, an dem er seine Großmutter besuchte, die ihm immer Geschichten erzählte. Die Lampe, die gestern kaputtgegangen war und deren Licht gefehlt hatte, wurde endlich repariert.
Es regnet stark, aber niemand hat einen Schirm dabei.;Es regnet stark, aber niemand hat einen Schirm dabei.
Sie lacht laut, denn der Witz war wirklich gut. Es regnet stark, aber niemand hat einen Schirm dabei. Die Uhr tickt langsam, weil die Batterie fast leer ist.;Sie lacht laut, denn der Witz war wirklich gut. Es regnet stark, aber niemand hat einen Schirm dabei. Die Uhr tickt langsam, weil die Batterie fast leer ist.
Während der Regen stärker wurde und der Wind durch die Straßen fegte, eilten die Menschen unter die Dächer.;Während der Regen stärker wurde und der Wind durch die Straßen fegte, eilten die Menschen unter die Dächer.
Sie lacht laut, denn der Witz war wirklich gut. Das Auto fährt schnell durch die Straße, obwohl es nass ist.;Sie lacht laut, denn der Witz war wirklich gut. Das Auto fährt schnell durch die Straße, obwohl es nass ist.
Die Sonne scheint.;Die Sonne scheint.
Die Uhr tickt. Sie lacht.;Die Uhr tickt. Sie lacht.
Ein Vogel fliegt durch die Lüfte und singt ein Lied. Die Sonne scheint, obwohl es zuvor geregnet hatte. Der Hund, der im Garten bellt, hört plötzlich auf.;Ein Vogel fliegt durch die Lüfte und singt ein Lied. Die Sonne scheint, obwohl es zuvor geregnet hatte. Der Hund, der im Garten bellt, hört plötzlich auf.
Das Buch, das sie gelesen hatte und das viele interessante Details enthielt, lag nun geschlossen auf dem Schreibtisch.;Das Buch, das sie gelesen hatte und das viele interessante Details enthielt, lag nun geschlossen auf dem Schreibtisch.
Das Kind spielt mit einem Ball, den es gestern geschenkt bekommen hat. Der Apfel, der auf dem Tisch liegt, ist sehr saftig.;Das Kind spielt mit einem Ball, den es gestern geschenkt bekommen hat. Der Apfel, der auf dem Tisch liegt, ist sehr saftig.
Die Kinder, die im Hof spielen, rufen einander zu, während ihre Eltern im Haus sitzen und Kaffee trinken. Während der Regen stärker wurde und der Wind durch die Straßen fegte, eilten die Menschen unter die Dächer.;Die Kinder, die im Hof spielen, rufen einander zu, während ihre Eltern im Haus sitzen und Kaffee trinken. Während der Regen stärker wurde und der Wind durch die Straßen fegte, eilten die Menschen unter die Dächer.
Ein Brief, den sie vor Wochen geschrieben hatte, lag immer noch ungeöffnet auf dem Tisch. Die Frau, die am Fenster stand, blickte hinaus auf die Straße, wo Kinder lachten und spielten. Die Kinder, die im Hof spielen, rufen einander zu, während ihre Eltern im Haus sitzen und Kaffee trinken.;Ein Brief, den sie vor Wochen geschrieben hatte, lag immer noch ungeöffnet auf dem Tisch. Die Frau, die am Fenster stand, blickte hinaus auf die Straße, wo Kinder lachten und spielten. Die Kinder, die im Hof spielen, rufen einander zu, während ihre Eltern im Haus sitzen und Kaffee trinken.
Ein Vogel fliegt. Der Apfel ist rot.;Ein Vogel fliegt. Der Apfel ist rot.
Die Kinder, die im Hof spielen, rufen einander zu, während ihre Eltern im Haus sitzen und Kaffee trinken. Er erinnerte sich an den Tag, an dem er seine Großmutter besuchte, die ihm immer Geschichten erzählte.;Die Kinder, die im Hof spielen, rufen einander zu, während ihre Eltern im Haus sitzen und Kaffee trinken. Er erinnerte sich an den Tag, an dem er seine Großmutter besuchte, die ihm immer Geschichten erzählte.
Der Hund, der im Garten bellt, hört plötzlich auf.;Der Hund, der im Garten bellt, hört plötzlich auf.
Während der Regen stärker wurde und der Wind durch die Straßen fegte, eilten die Menschen unter die Dächer. Nachdem die Sitzung beendet war und alle gegangen waren, blieb sie noch einen Moment sitzen und dachte nach. Die Kinder, die im Hof spielen, rufen einander zu, während ihre Eltern im Haus sitzen und Kaffee trinken. Er erinnerte sich an den Tag, an dem er seine Großmutter besuchte, die ihm immer Geschichten erzählte.;Während der Regen stärker wurde und der Wind durch die Straßen fegte, eilten die Menschen unter die Dächer. Nachdem die Sitzung beendet war und alle gegangen waren, blieb sie noch einen Moment sitzen und dachte nach. Die Kinder, die im Hof spielen, rufen einander zu, während ihre Eltern im Haus sitzen und Kaffee trinken. Er erinnerte sich an den Tag, an dem er seine Großmutter besuchte, die ihm immer Geschichten erzählte.
Es regnet stark, aber niemand hat einen Schirm dabei.;Es regnet stark, aber niemand hat einen Schirm dabei.
Nachdem die Sitzung beendet war und alle gegangen waren, blieb sie noch einen Moment sitzen und dachte nach. Obwohl er müde war, arbeitete er weiter, denn das Projekt musste fertiggestellt werden. Die Kinder, die im Hof spielen, rufen einander zu, während ihre Eltern im Haus sitzen und Kaffee trinken. Die Lampe, die gestern kaputtgegangen war und deren Licht gefehlt hatte, wurde endlich repariert. Die Frau, die am Fenster stand, blickte hinaus auf die Straße, wo Kinder lachten und spielten.;Nachdem die Sitzung beendet war und alle gegangen waren, blieb sie noch einen Moment sitzen und dachte nach. Obwohl er müde war, arbeitete er weiter, denn das Projekt musste fertiggestellt werden. Die Kinder, die im Hof spielen, rufen einander zu, während ihre Eltern im Haus sitzen und Kaffee trinken. Die Lampe, die gestern kaputtgegangen war und deren Licht gefehlt hatte, wurde endlich repariert. Die Frau, die am Fenster stand, blickte hinaus auf die Straße, wo Kinder lachten und spielten.
Sie lacht laut, denn der Witz war wirklich gut. Der Apfel, der auf dem Tisch liegt, ist sehr saftig. Es regnet stark, aber niemand hat einen Schirm dabei.;Sie lacht laut, denn der Witz war wirklich gut. Der Apfel, der auf dem Tisch liegt, ist sehr saftig. Es regnet stark, aber niemand hat einen Schirm dabei.
Er erinnerte sich an den Tag, an dem er seine Großmutter besuchte, die ihm immer Geschichten erzählte. Die Frau, die am Fenster stand, blickte hinaus auf die Straße, wo Kinder lachten und spielten. Der Mann, der gestern im Park gesehen wurde, sprach mit einer Frau, die ein rotes Kleid trug.;Er erinnerte sich an den Tag, an dem er seine Großmutter besuchte, die ihm immer Geschichten erzählte. Die Frau, die am Fenster stand, blickte hinaus auf die Straße, wo Kinder lachten und spielten. Der Mann, der gestern im Park gesehen wurde, sprach mit einer Frau, die ein rotes Kleid trug.
Ein Brief, den sie vor Wochen geschrieben hatte, lag immer noch ungeöffnet auf dem Tisch. Während der Regen stärker wurde und der Wind durch die Straßen fegte, eilten die Menschen unter die Dächer. Obwohl er müde war, arbeitete er weiter, denn das Projekt musste fertiggestellt werden.;Ein Brief, den sie vor Wochen geschrieben hatte, lag immer noch ungeöffnet auf dem Tisch. Während der Regen stärker wurde und der Wind durch die Straßen fegte, eilten die Menschen unter die Dächer. Obwohl er müde war, arbeitete er weiter, denn das Projekt musste fertiggestellt werden.
Der Hund bellt. Die Sonne scheint.;Der Hund bellt. Die Sonne scheint.
Die Kinder, die im Hof spielen, rufen einander zu, während ihre Eltern im Haus sitzen und Kaffee trinken. Nachdem die Sitzung beendet war und alle gegangen waren, blieb sie noch einen Moment sitzen und dachte nach.;Die Kinder, die im Hof spielen, rufen einander zu, während ihre Eltern im Haus sitzen und Kaffee trinken. Nachdem die Sitzung beendet war und alle gegangen waren, blieb sie noch einen Moment sitzen und dachte nach.
Er schläft tief, während draußen der Sturm tobt. Sie lacht laut, denn der Witz war wirklich gut.;Er schläft tief, während draußen der Sturm tobt. Sie lacht laut, denn der Witz war wirklich gut.
Während der Regen stärker wurde und der Wind durch die Straßen fegte, eilten die Menschen unter die Dächer. Ein Brief, den sie vor Wochen geschrieben hatte, lag immer noch ungeöffnet auf dem Tisch.;Während der Regen stärker wurde und der Wind durch die Straßen fegte, eilten die Menschen unter die Dächer. Ein Brief, den sie vor Wochen geschrieben hatte, lag immer noch ungeöffnet auf dem Tisch.
Der Mann, der gestern im Park gesehen wurde, sprach mit einer Frau, die ein rotes Kleid trug. Er erinnerte sich an den Tag, an dem er seine Großmutter besuchte, die ihm immer Geschichten erzählte. Während der Regen stärker wurde und der Wind durch die Straßen fegte, eilten die Menschen unter die Dächer.;Der Mann, der gestern im Park gesehen wurde, sprach mit einer Frau, die ein rotes Kleid trug. Er erinnerte sich an den Tag, an dem er seine Großmutter besuchte, die ihm immer Geschichten erzählte. Während der Regen stärker wurde und der Wind durch die Straßen fegte, eilten die Menschen unter die Dächer.
Nachdem die Sitzung beendet war und alle gegangen waren, blieb sie noch einen Moment sitzen und dachte nach. Die Lampe, die gestern kaputtgegangen war und deren Licht gefehlt hatte, wurde endlich repariert.;Nachdem die Sitzung beendet war und alle gegangen waren, blieb sie noch einen Moment sitzen und dachte nach. Die Lampe, die gestern kaputtgegangen war und deren Licht gefehlt hatte, wurde endlich repariert.
Er schläft tief, während draußen der Sturm tobt. Ein Vogel fliegt durch die Lüfte und singt ein Lied. Es regnet stark, aber niemand hat einen Schirm dabei.;Er schläft tief, während draußen der Sturm tobt. Ein Vogel fliegt durch die Lüfte und singt ein Lied. Es regnet stark, aber niemand hat einen Schirm dabei.
Die Frau, die am Fenster stand, blickte hinaus auf die Straße, wo Kinder lachten und spielten. Die Lampe, die gestern kaputtgegangen war und deren Licht gefehlt hatte, wurde endlich repariert. Obwohl er müde war, arbeitete er weiter, denn das Projekt musste fertiggestellt werden.;Die Frau, die am Fenster stand, blickte hinaus auf die Straße, wo Kinder lachten und spielten. Die Lampe, die gestern kaputtgegangen war und deren Licht gefehlt hatte, wurde endlich repariert. Obwohl er müde war, arbeitete er weiter, denn das Projekt musste fertiggestellt werden.
Ein Vogel fliegt. Sie lacht.;Ein Vogel fliegt. Sie lacht.
Der Apfel, der auf dem Tisch liegt, ist sehr saftig. Die Sonne scheint, obwohl es zuvor geregnet hatte.;Der Apfel, der auf dem Tisch liegt, ist sehr saftig. Die Sonne scheint, obwohl es zuvor geregnet hatte.
Der Apfel ist rot.;Der Apfel ist rot.
Er schläft. Der Apfel ist rot.;Er schläft. Der Apfel ist rot.
Das Kind spielt.;Das Kind spielt.
Der Hund bellt. Er schläft.;Der Hund bellt. Er schläft.
Die Uhr tickt langsam, weil die Batterie fast leer ist. Sie lacht laut, denn der Witz war wirklich gut. Der Hund, der im Garten bellt, hört plötzlich auf.;Die Uhr tickt langsam, weil die Batterie fast leer ist. Sie lacht laut, denn der Witz war wirklich gut. Der Hund, der im Garten bellt, hört plötzlich auf.
Während der Regen stärker wurde und der Wind durch die Straßen fegte, eilten die Menschen unter die Dächer.;Während der Regen stärker wurde und der Wind durch die Straßen fegte, eilten die Menschen unter die Dächer.
Der Hund bellt.;Der Hund bellt.
Die Kinder, die im Hof spielen, rufen einander zu, während ihre Eltern im Haus sitzen und Kaffee trinken. Die Frau, die am Fenster stand, blickte hinaus auf die Straße, wo Kinder lachten und spielten.;Die Kinder, die im Hof spielen, rufen einander zu, während ihre Eltern im Haus sitzen und Kaffee trinken. Die Frau, die am Fenster stand, blickte hinaus auf die Straße, wo Kinder lachten und spielten.
Sie lacht.;Sie lacht.
Es regnet stark, aber niemand hat einen Schirm dabei. Das Kind spielt mit einem Ball, den es gestern geschenkt bekommen hat.;Es regnet stark, aber niemand hat einen Schirm dabei. Das Kind spielt mit einem Ball, den es gestern geschenkt bekommen hat.
Der Hund, der im Garten bellt, hört plötzlich auf. Die Sonne scheint, obwohl es zuvor geregnet hatte.;Der Hund, der im Garten bellt, hört plötzlich auf. Die Sonne scheint, obwohl es zuvor geregnet hatte.
Der Mann, der gestern im Park gesehen wurde, sprach mit einer Frau, die ein rotes Kleid trug. Er erinnerte sich an den Tag, an dem er seine Großmutter besuchte, die ihm immer Geschichten erzählte. Das Buch, das sie gelesen hatte und das viele interessante Details enthielt, lag nun geschlossen auf dem Schreibtisch.;Der Mann, der gestern im Park gesehen wurde, sprach mit einer Frau, die ein rotes Kleid trug. Er erinnerte sich an den Tag, an dem er seine Großmutter besuchte, die ihm immer Geschichten erzählte. Das Buch, das sie gelesen hatte und das viele interessante Details enthielt, lag nun geschlossen auf dem Schreibtisch.
Ein Brief, den sie vor Wochen geschrieben hatte, lag immer noch ungeöffnet auf dem Tisch. Während der Regen stärker wurde und der Wind durch die Straßen fegte, eilten die Menschen unter die Dächer. Die Frau, die am Fenster stand, blickte hinaus auf die Straße, wo Kinder lachten und spielten. Obwohl er müde war, arbeitete er weiter, denn das Projekt musste fertiggestellt werden.;Ein Brief, den sie vor Wochen geschrieben hatte, lag immer noch ungeöffnet auf dem Tisch. Während der Regen stärker wurde und der Wind durch die Straßen fegte, eilten die Menschen unter die Dächer. Die Frau, die am Fenster stand, blickte hinaus auf die Straße, wo Kinder lachten und spielten. Obwohl er müde war, arbeitete er weiter, denn das Projekt musste fertiggestellt werden.
Ein Brief, den sie vor Wochen geschrieben hatte, lag immer noch ungeöffnet auf dem Tisch. Nachdem die Sitzung beendet war und alle gegangen waren, blieb sie noch einen Moment sitzen und dachte nach. Die Kinder, die im Hof spielen, rufen einander zu, während ihre Eltern im Haus sitzen und Kaffee trinken. Das Buch, das sie gelesen hatte und das viele interessante Details enthielt, lag nun geschlossen auf dem Schreibtisch. Der Mann, der gestern im Park gesehen wurde, sprach mit einer Frau, die ein rotes Kleid trug.;Ein Brief, den sie vor Wochen geschrieben hatte, lag immer noch ungeöffnet auf dem Tisch. Nachdem die Sitzung beendet war und alle gegangen waren, blieb sie noch einen Moment sitzen und dachte nach. Die Kinder, die im Hof spielen, rufen einander zu, während ihre Eltern im Haus sitzen und Kaffee trinken. Das Buch, das sie gelesen hatte und das viele interessante Details enthielt, lag nun geschlossen auf dem Schreibtisch. Der Mann, der gestern im Park gesehen wurde, sprach mit einer Frau, die ein rotes Kleid trug.
Das Kind spielt mit einem Ball, den es gestern geschenkt bekommen hat.;Das Kind spielt mit einem Ball, den es gestern geschenkt bekommen hat.
Ein Brief, den sie vor Wochen geschrieben hatte, lag immer noch ungeöffnet auf dem Tisch. Das Buch, das sie gelesen hatte und das viele interessante Details enthielt, lag nun geschlossen auf dem Schreibtisch.;Ein Brief, den sie vor Wochen geschrieben hatte, lag immer noch ungeöffnet auf dem Tisch. Das Buch, das sie gelesen hatte und das viele interessante Details enthielt, lag nun geschlossen auf dem Schreibtisch.
Er erinnerte sich an den Tag, an dem er seine Großmutter besuchte, die ihm immer Geschichten erzählte. Nachdem die Sitzung beendet war und alle gegangen waren, blieb sie noch einen Moment sitzen und dachte nach. Die Frau, die am Fenster stand, blickte hinaus auf die Straße, wo Kinder lachten und spielten. Während der Regen stärker wurde und der Wind durch die Straßen fegte, eilten die Menschen unter die Dächer.;Er erinnerte sich an den Tag, an dem er seine Großmutter besuchte, die ihm immer Geschichten erzählte. Nachdem die Sitzung beendet war und alle gegangen waren, blieb sie noch einen Moment sitzen und dachte nach. Die Frau, die am Fenster stand, blickte hinaus auf die Straße, wo Kinder lachten und spielten. Während der Regen stärker wurde und der Wind durch die Straßen fegte, eilten die Menschen unter die Dächer.
Während der Regen stärker wurde und der Wind durch die Straßen fegte, eilten die Menschen unter die Dächer. Nachdem die Sitzung beendet war und alle gegangen waren, blieb sie noch einen Moment sitzen und dachte nach. Obwohl er müde war, arbeitete er weiter, denn das Projekt musste fertiggestellt werden.;Während der Regen stärker wurde und der Wind durch die Straßen fegte, eilten die Menschen unter die Dächer. Nachdem die Sitzung beendet war und alle gegangen waren, blieb sie noch einen Moment sitzen und dachte nach. Obwohl er müde war, arbeitete er weiter, denn das Projekt musste fertiggestellt werden.
Die Frau, die am Fenster stand, blickte hinaus auf die Straße, wo Kinder lachten und spielten.;Die Frau, die am Fenster stand, blickte hinaus auf die Straße, wo Kinder lachten und spielten.
Er erinnerte sich an den Tag, an dem er seine Großmutter besuchte, die ihm immer Geschichten erzählte.;Er erinnerte sich an den Tag, an dem er seine Großmutter besuchte, die ihm immer Geschichten erzählte.
Während der Regen stärker wurde und der Wind durch die Straßen fegte, eilten die Menschen unter die Dächer. Der Mann, der gestern im Park gesehen wurde, sprach mit einer Frau, die ein rotes Kleid trug. Obwohl er müde war, arbeitete er weiter, denn das Projekt musste fertiggestellt werden. Die Kinder, die im Hof spielen, rufen einander zu, während ihre Eltern im Haus sitzen und Kaffee trinken.;Während der Regen stärker wurde und der Wind durch die Straßen fegte, eilten die Menschen unter die Dächer. Der Mann, der gestern im Park gesehen wurde, sprach mit einer Frau, die ein rotes Kleid trug. Obwohl er müde war, arbeitete er weiter, denn das Projekt musste fertiggestellt werden. Die Kinder, die im Hof spielen, rufen einander zu, während ihre Eltern im Haus sitzen und Kaffee trinken.
Die Uhr tickt.;Die Uhr tickt.
Die Frau, die am Fenster stand, blickte hinaus auf die Straße, wo Kinder lachten und spielten. Die Kinder, die im Hof spielen, rufen einander zu, während ihre Eltern im Haus sitzen und Kaffee trinken. Während der Regen stärker wurde und der Wind durch die Straßen fegte, eilten die Menschen unter die Dächer. Obwohl er müde war, arbeitete er weiter, denn das Projekt musste fertiggestellt werden.;Die Frau, die am Fenster stand, blickte hinaus auf die Straße, wo Kinder lachten und spielten. Die Kinder, die im Hof spielen, rufen einander zu, während ihre Eltern im Haus sitzen und Kaffee trinken. Während der Regen stärker wurde und der Wind durch die Straßen fegte, eilten die Menschen unter die Dächer. Obwohl er müde war, arbeitete er weiter, denn das Projekt musste fertiggestellt werden.
Das Kind spielt mit einem Ball, den es gestern geschenkt bekommen hat. Es regnet stark, aber niemand hat einen Schirm dabei.;Das Kind spielt mit einem Ball, den es gestern geschenkt bekommen hat. Es regnet stark, aber niemand hat einen Schirm dabei.
Das Auto fährt schnell durch die Straße, obwohl es nass ist.;Das Auto fährt schnell durch die Straße, obwohl es nass ist.
Der Hund, der im Garten bellt, hört plötzlich auf. Die Sonne scheint, obwohl es zuvor geregnet hatte.;Der Hund, der im Garten bellt, hört plötzlich auf. Die Sonne scheint, obwohl es zuvor geregnet hatte.
Ein Vogel fliegt durch die Lüfte und singt ein Lied. Das Auto fährt schnell durch die Straße, obwohl es nass ist.;Ein Vogel fliegt durch die Lüfte und singt ein Lied. Das Auto fährt schnell durch die Straße, obwohl es nass ist.
Er schläft tief, während draußen der Sturm tobt.;Er schläft tief, während draußen der Sturm tobt.
Es regnet stark, aber niemand hat einen Schirm dabei. Die Sonne scheint, obwohl es zuvor geregnet hatte. Der Hund, der im Garten bellt, hört plötzlich auf.;Es regnet stark, aber niemand hat einen Schirm dabei. Die Sonne scheint, obwohl es zuvor geregnet hatte. Der Hund, der im Garten bellt, hört plötzlich auf.
Der Hund bellt.;Der Hund bellt.
Willst du mir etwas über den gestrigen Abend erzählen ist etwas vorgefallen;Willst du mir etwas über den gestrigen Abend erzählen? Ist etwas vorgefallen?
Nein, das klang dämlich. Sie löschte den Text schnell wieder sie wußte ja nicht warum er sie gesucht hatte eine weitere Taktik;Nein, das klang dämlich. Sie löschte den Text schnell wieder, sie wusste ja nicht, warum er sie gesucht hatte. Eine weitere... Taktik?
die Lampe die gestern kaputt gegangen war und deren Licht gefehlt hatte wurde endlich repariert während der Regen stärker wurde und der Wind durch die straßenfegte alten die Menschen unter die Dächer ein Brief den sie vor Wochen geschrieben hatte war immer noch ungeöffnet auf den Tisch die am Fenster stand leg Dich hinaus auf die Straße wo Kinder lachten und spielten
;Die Lampe, die gestern kaputtgegangen war und deren Licht gefehlt hatte, wurde endlich repariert. Während der Regen stärker wurde und der Wind durch die Straßen fegte, eilten die Menschen unter die Dächer. Ein Brief, den sie vor Wochen geschrieben hatte, lag immer noch ungeöffnet auf dem Tisch. Die Frau, die am Fenster stand, blickte hinaus auf die Straße, wo Kinder lachten und spielten.
der Apfel der auf den Tisch liegt ist sehr saftig die Sonne scheint obwohl jetzt obwohl er zuvor geregnet hatte;Der Apfel, der auf dem Tisch liegt, ist sehr saftig. Die Sonne scheint, obwohl es zuvor geregnet hatte.
das Buch dass sie gelesen hatte und dass viele interessante Details enthielt lag nun geschlossen auf dem Schreibtisch die Frau die am Fenster stand blickte hinaus auf die Straße und Günter lachten und spielten die gestern kaputt gegangen war und deren Licht gefehlt hatte wurde endlich repariert der Mann der gestern im Park gesehen wurde sprach mit deiner Frau die ein rotes Kleidung wegen stärker wurde und der Wind durch die straßenfegte alten die Menschen unter die Dächer;Das Buch, das sie gelesen hatte und das viele interessante Details enthielt, lag nun geschlossen auf dem Schreibtisch. Die Frau, die am Fenster stand, blickte hinaus auf die Straße, wo Kinder lachten und spielten. Die Lampe, die gestern kaputtgegangen war und deren Licht gefehlt hatte, wurde endlich repariert. Der Mann, der gestern im Park gesehen wurde, sprach mit einer Frau, die ein rotes Kleid trug. Während der Regen stärker wurde und der Wind durch die Straßen fegte, eilten die Menschen unter die Dächer
ein Brief den sie vor Wochen geschrieben hatte lag immer noch ungeöffnet auf den Tisch die Lampe die gestern kaputt gegangen war und deren Licht gefehlt hatte wurde endlich repariert der Mann der gestern im Park gesehen wurde sprach mit deiner Frau den rotes Kleidung er endete der sich an den Tag an dem er seine Großmutter besuchte die immer noch Geschichten erzählte arbeitete er weiter denn das Projekt musste fertiggestellt werden;Ein Brief, den sie vor Wochen geschrieben hatte, lag immer noch ungeöffnet auf dem Tisch. Die Lampe, die gestern kaputtgegangen war und deren Licht gefehlt hatte, wurde endlich repariert. Der Mann, der gestern im Park gesehen wurde, sprach mit einer Frau, die ein rotes Kleid trug. Er erinnerte sich an den Tag, an dem er seine Großmutter besuchte, die ihm immer Geschichten erzählte. Obwohl er müde war, arbeitete er weiter, denn das Projekt musste fertiggestellt werden.
wird der Regen stärker wurde und der Wind durch die straßenfegte alten die Menschen unter die Dächer die Frau die am Fenster stand blickt dich hinaus auf die Straße wo Kinder lacht nun spielten die Kinder die rufen einander zu Eltern im Haus sitzen und Kaffee trinken die Lampe die gestern kaputt gegangen war und deren Licht gefehlt hatte wurde endlich repariert das Buch das sie gelesen hatte und dass viele interessante Details enthielt lag nur geschlossen auf dem Schreibtisch;Während der Regen stärker wurde und der Wind durch die Straßen fegte, eilten die Menschen unter die Dächer. Die Frau, die am Fenster stand, blickte hinaus auf die Straße, wo Kinder lachten und spielten. Die Kinder, die im Hof spielen, rufen einander zu, während ihre Eltern im Haus sitzen und Kaffee trinken. Die Lampe, die gestern kaputtgegangen war und deren Licht gefehlt hatte, wurde endlich repariert. Das Buch, das sie gelesen hatte und das viele interessante Details enthielt, lag nun geschlossen auf dem Schreibtisch.
die Sonne scheint obwohl es zuvor geregnet hatte die Uhr tickt langsam weil die Batterie fast leer ist das Kind spielt mit deinem Ball den es gestern geschenkt bekommen hat;Die Sonne scheint, obwohl es zuvor geregnet hatte. Die Uhr tickt langsam, weil die Batterie fast leer ist. Das Kind spielt mit einem Ball, den es gestern geschenkt bekommen hat.
während der Ring stärker wurde und der Wind durch die straßenfegte halten die Menschen unter die Dächer die Lampe die gestern kaputt gegangen war und deren Licht gefehlt hatte wurde endlich repariert nachdem die Sitzung beendet war und alle gegangen waren blieb sie noch einen Moment sitzen und auch danach der gestern im Park gesehen wurde sprach mit deiner Frau die ein rotes Kleidung trug;Während der Regen stärker wurde und der Wind durch die Straßen fegte, eilten die Menschen unter die Dächer. Die Lampe, die gestern kaputtgegangen war und deren Licht gefehlt hatte, wurde endlich repariert. Nachdem die Sitzung beendet war und alle gegangen waren, blieb sie noch einen Moment sitzen und dachte nach. Der Mann, der gestern im Park gesehen wurde, sprach mit einer Frau, die ein rotes Kleid trug.
er erinnerte sich an den Tag an dem er seine Großmutter besuchte die ihm immer Geschichten erzählte;Er erinnerte sich an den Tag, an dem er seine Großmutter besuchte, die ihm immer Geschichten erzählte.
die Sonne scheint obwohl es zuvor geregnet hatte das Auto fährt schnell durch die Straße obwohl es nass ist der Apfel der auf dem Tisch liegt ist sehr saftig;Die Sonne scheint, obwohl es zuvor geregnet hatte. Das Auto fährt schnell durch die Straße, obwohl es nass ist. Der Apfel, der auf dem Tisch liegt, ist sehr saftig.
die Uhr tickt langsam weil die Batterie fast leer ist sie lacht laut denn der wird zwar wirklich gut der Hund der im Garten fällt hört plötzlich auf;Die Uhr tickt langsam, weil die Batterie fast leer ist. Sie lacht laut, denn der Witz war wirklich gut. Der Hund, der im Garten bellt, hört plötzlich auf.
es regnet stark aber niemand hat einen Schirm dabei fliegt durch die Lüfte und singt ein Lied laut denn der Witz war wirklich gut;Es regnet stark, aber niemand hat einen Schirm dabei. Ein Vogel fliegt durch die Lüfte und singt ein Lied. Sie lacht laut, denn der Witz war wirklich gut.
der Mann der gestern im Park gesehen wurde sprach mit deiner Frau den rotes Kleidung ein Brief den sie vor Wochen geschrieben hatte lag immer noch ungeöffnet auf dem Tisch regenstärker wurde und der Wind durch die straßenfegte alten die Menschen unter die Dächer das Buch das sie gelesen hatte und dass viele interessante Details enthielt war nun geschlossen auf dem Schreibtisch arbeitete er weiter denn das Projekt musste fertiggestellt werden;Der Mann, der gestern im Park gesehen wurde, sprach mit einer Frau, die ein rotes Kleid trug. Ein Brief, den sie vor Wochen geschrieben hatte, lag immer noch ungeöffnet auf dem Tisch. Während der Regen stärker wurde und der Wind durch die Straßen fegte, eilten die Menschen unter die Dächer. Das Buch, das sie gelesen hatte und das viele interessante Details enthielt, lag nun geschlossen auf dem Schreibtisch. Obwohl er müde war, arbeitete er weiter, denn das Projekt musste fertiggestellt werden.
der Apfel der auf dem Tisch liegt ist sehr saftig ein Vogel fliegt durch die Lüfte und singt ein Lied er schläft tief während draußen der Sturm tut;Der Apfel, der auf dem Tisch liegt, ist sehr saftig. Ein Vogel fliegt durch die Lüfte und singt ein Lied. Er schläft tief, während draußen der Sturm tobt.
die Frau die am Fenster stand blickte ich hinaus auf die Straße wo Kinder lachen und spielten die Lampe die gestern kaputt gegangen war und der nicht gefehlt hatte wurde endlich repariert während der Regen stärker wurde und der Wind durch die Straßen fehlte halten die Menschen unter die Dächer das Buch das sie gelesen hatte und das viele interessante Details sind viel lagen geschlossen auf dem Schreibtisch nachdem wir 14 wär nett war und alles gegangen waren nimm sie noch einen Moment sitzen und dachte nach;Die Frau, die am Fenster stand, blickte hinaus auf die Straße, wo Kinder lachten und spielten. Die Lampe, die gestern kaputtgegangen war und deren Licht gefehlt hatte, wurde endlich repariert. Während der Regen stärker wurde und der Wind durch die Straßen fegte, eilten die Menschen unter die Dächer. Das Buch, das sie gelesen hatte und das viele interessante Details enthielt, lag nun geschlossen auf dem Schreibtisch. Nachdem die Sitzung beendet war und alle gegangen waren, blieb sie noch einen Moment sitzen und dachte nach.








